epoch,loss,hit_rate_at_10
1,7.765481681878777,1.893939393939394
2,7.306658329901757,7.088744588744589
3,6.523930713383838,13.311688311688311
4,5.7172061719247615,17.496392496392495
5,5.059228697552482,19.841269841269842
6,4.543721194563146,21.176046176046174
7,4.111658343333015,21.59090909090909
8,3.739248101673429,21.681096681096683
9,3.4219129281642635,22.07792207792208
10,3.1451261198365845,22.438672438672437
