epoch,loss,hit_rate_at_10
1,7.7790202138055795,1.3167388167388168
2,7.530299541066047,1.966089466089466
3,7.3181471019596245,3.5173160173160176
4,7.09319436223304,4.581529581529582
5,6.812810522825343,6.132756132756133
6,6.472026390086693,7.3232323232323235
7,6.081575040693407,8.658008658008658
8,5.66190010610253,10.2994227994228
9,5.236434531934334,11.002886002886003
10,4.833618593078327,11.670274170274169
