epoch,loss,hit_rate_at_10
1,7.764551923732565,1.6594516594516595
2,7.317767900821966,6.240981240981241
3,6.635484023871704,12.734487734487734
4,5.836010050808024,17.027417027417027
5,5.173832482589788,18.849206349206348
6,4.636982250351238,20.093795093795094
7,4.187980893026355,20.7972582972583
8,3.8053756262488867,21.06782106782107
9,3.4729667453022746,21.392496392496394
10,3.177770440196578,21.951659451659452
