epoch,loss,hit_rate_at_10
1,7.764884452627163,1.424963924963925
2,7.407870100690173,5.303030303030303
3,6.664305201856605,11.634199134199134
4,5.843169292846284,16.648629148629148
5,5.154622241704151,18.344155844155843
6,4.6061845193865665,20.256132756132754
7,4.156223075558441,20.68903318903319
8,3.7733556381379714,21.428571428571427
9,3.4397097831164603,21.482683982683984
10,3.1376012964510127,21.266233766233768
